<?xml version='1.0' encoding='UTF-8' standalone='yes'?>
<addon id='script.module.libtorrent' version='1.1.1g' name='python-libtorrent' provider-name='DiMartino, srg70, RussakHH, aisman, inpos'>
  <requires>
    <import addon='xbmc.python' version='2.1.0'/>
  </requires>
  <extension point="xbmc.python.script" library="default.py">
    <provides>executable</provides>
  </extension>
  <extension point="xbmc.python.module" library="python_libtorrent"/>
  <extension point='xbmc.addon.metadata'>
    <platform>all</platform>
    <summary lang='en'>script.module.libtorrent is a Kodi module that makes easy import of python-libtorrent for you.</summary>
    <summary lang='ru'>script.module.libtorrent - модуль Kodi, который упрощает импорт библиотеки python-libtorrent.</summary>
    <summary lang='es'>script.module.libtorrent es un módulo de Kodi que facilita la importación de la librería python-libtorrent.</summary>
    <license>MIT License</license>
    <source>https://github.com/DiMartinoXBMC/script.module.libtorrent</source>
  </extension>
  <extension point='xbmc.python.module'/>
</addon>
